[
  {
    "numeroCheque": "73",
    "banco": "748",
    "agencia": "7780",
    "contaCorrente": "29390-2",
    "valor": 900,
    "dataEmissao": "2024-09-15",
    "remetente": "Iago Pereira de Oliveira",
    "dataCompensacao": "2024-09-15",
    "id": "1726430701582",
    "compensado": true,
    "anotacoes": "",
    "dataHoraCompensacao": "2024-09-17T16:43:28.091Z"
  },
  {
    "numeroCheque": "3743",
    "banco": "756",
    "agencia": "3041",
    "contaCorrente": "18180-3",
    "valor": 10000,
    "dataEmissao": "2024-09-15",
    "remetente": "Maria Carreira Mendes",
    "dataCompensacao": "2024-09-19",
    "id": "1726430707835",
    "compensado": false
  },
  {
    "numeroCheque": "1980",
    "banco": "32",
    "agencia": "4502",
    "contaCorrente": "123356",
    "valor": 1400,
    "dataEmissao": "2024-09-15",
    "remetente": "Levi Antonio Graciano",
    "dataCompensacao": "2024-09-25",
    "id": "1726430713943",
    "compensado": false
  },
  {
    "numeroCheque": "32",
    "banco": "237",
    "agencia": "2771",
    "contaCorrente": "3854",
    "valor": 2031.5,
    "dataEmissao": "2024-09-15",
    "remetente": "Maria Votproa Ferreora Scarmeloto",
    "dataCompensacao": "2024-09-27",
    "id": "1726430720535",
    "compensado": false
  },
  {
    "numeroCheque": "850937",
    "banco": "1",
    "agencia": "6919",
    "contaCorrente": "37737",
    "valor": 320,
    "dataEmissao": "2024-09-15",
    "remetente": "Gisela Cristina Saoldaro Sabino",
    "dataCompensacao": "2024-09-28",
    "id": "1726430731140",
    "compensado": false
  },
  {
    "numeroCheque": "850393",
    "banco": "1",
    "agencia": "2457",
    "contaCorrente": "14219",
    "valor": 1642.5,
    "dataEmissao": "2024-09-15",
    "remetente": "C. A. Juliao Pinezi",
    "dataCompensacao": "2024-09-29",
    "id": "1726430742593",
    "compensado": false
  },
  {
    "numeroCheque": "976757",
    "banco": "33",
    "agencia": "396",
    "contaCorrente": "1300515",
    "valor": 540,
    "dataEmissao": "2024-09-15",
    "remetente": "Katia R M de Oliveira Eireli",
    "dataCompensacao": "2024-09-30",
    "id": "1726430749651",
    "compensado": true,
    "dataHoraCompensacao": "2024-09-16T04:57:58.222Z"
  },
  {
    "numeroCheque": "3692",
    "banco": "756",
    "agencia": "3041",
    "contaCorrente": "18180-3",
    "valor": 11000,
    "dataEmissao": "2024-09-15",
    "remetente": "Maria Carreira Mendes",
    "dataCompensacao": "2024-09-30",
    "id": "1726430757147",
    "compensado": false
  },
  {
    "numeroCheque": "208",
    "banco": "748",
    "agencia": "5339",
    "contaCorrente": "98851-0",
    "valor": 1000,
    "dataEmissao": "2024-09-15",
    "remetente": "A Medicinal MP",
    "dataCompensacao": "2024-10-02",
    "id": "1726430764430",
    "compensado": false
  },
  {
    "numeroCheque": "3731",
    "banco": "756",
    "agencia": "3041",
    "contaCorrente": "18180-3",
    "valor": 12000,
    "dataEmissao": "2024-09-15",
    "remetente": "Maria Carreira Mendes",
    "dataCompensacao": "2024-10-04",
    "id": "1726430770790",
    "compensado": false
  },
  {
    "numeroCheque": "3702",
    "banco": "756",
    "agencia": "3041",
    "contaCorrente": "18180-3",
    "valor": 11000,
    "dataEmissao": "2024-09-15",
    "remetente": "Maria Carreira Mendes",
    "dataCompensacao": "2024-10-10",
    "id": "1726430778866",
    "compensado": false
  },
  {
    "numeroCheque": "74",
    "banco": "748",
    "agencia": "7780",
    "contaCorrente": "29390-2",
    "valor": 900,
    "dataEmissao": "2024-09-15",
    "remetente": "Iago Pereira de Oliveira",
    "dataCompensacao": "2024-10-18",
    "id": "1726430785540",
    "compensado": false
  },
  {
    "numeroCheque": "3732",
    "banco": "756",
    "agencia": "3041",
    "contaCorrente": "18180-3",
    "valor": 12000,
    "dataEmissao": "2024-09-15",
    "remetente": "Maria Carreira Mendes",
    "dataCompensacao": "2024-10-25",
    "id": "1726430793804",
    "compensado": false
  },
  {
    "numeroCheque": "33",
    "banco": "237",
    "agencia": "2771",
    "contaCorrente": "3854",
    "valor": 2031.5,
    "dataEmissao": "2024-09-15",
    "remetente": "Maria Votproa Ferreora Scarmeloto",
    "dataCompensacao": "2024-10-27",
    "id": "1726430800821",
    "compensado": false
  },
  {
    "numeroCheque": "850392",
    "banco": "1",
    "agencia": "2457",
    "contaCorrente": "14219",
    "valor": 1642.5,
    "dataEmissao": "2024-09-15",
    "remetente": "C. A. Juliao Pinezi",
    "dataCompensacao": "2024-10-29",
    "id": "1726430809340",
    "compensado": false
  },
  {
    "numeroCheque": "3703",
    "banco": "756",
    "agencia": "3041",
    "contaCorrente": "18180-3",
    "valor": 11000,
    "dataEmissao": "2024-09-15",
    "remetente": "Maria Carreira Mendes",
    "dataCompensacao": "2024-10-30",
    "id": "1726430817885",
    "compensado": false
  },
  {
    "numeroCheque": "3733",
    "banco": "756",
    "agencia": "3041",
    "contaCorrente": "18180-3",
    "valor": 12000,
    "dataEmissao": "2024-09-15",
    "remetente": "Maria Carreira Mendes",
    "dataCompensacao": "2024-10-31",
    "id": "1726430827844",
    "compensado": false
  },
  {
    "numeroCheque": "1981",
    "banco": "33",
    "agencia": "4502",
    "contaCorrente": "23356",
    "valor": 800,
    "dataEmissao": "2024-09-08",
    "remetente": "LEVI ANTONIO GRACIANO",
    "dataCompensacao": "2024-10-25",
    "id": "1726431502712"
  },
  {
    "numeroCheque": "851994",
    "banco": "1",
    "agencia": "2457",
    "contaCorrente": "8.104-3",
    "valor": 6000,
    "dataEmissao": "2024-12-05",
    "remetente": "ALESSANDER GASPARLO - ME",
    "dataCompensacao": "2024-12-05",
    "id": "1726431658323",
    "compensado": false
  },
  {
    "numeroCheque": "851256",
    "banco": null,
    "agencia": "6813",
    "contaCorrente": "755240-8",
    "valor": 440,
    "dataEmissao": "2024-09-10",
    "remetente": "JOSE GIUSTO",
    "dataCompensacao": "2024-09-10",
    "id": "1726431726422",
    "compensado": true,
    "anotacoes": "\n",
    "dataHoraCompensacao": "2024-09-17T16:43:27.530Z"
  },
  {
    "numeroCheque": "11",
    "banco": "237",
    "agencia": "13",
    "contaCorrente": "63303",
    "valor": 1000,
    "dataEmissao": "2024-08-03",
    "remetente": "EDER VIEIRA DE ARAUJO",
    "dataCompensacao": "2024-10-10",
    "id": "1726431826436"
  },
  {
    "numeroCheque": "851993",
    "banco": "1",
    "agencia": "2457",
    "contaCorrente": "8.104-3",
    "valor": 6000,
    "dataEmissao": "2024-09-03",
    "remetente": "ALEXANDER GASPARELO",
    "dataCompensacao": "2024-10-06",
    "id": "1726431885673"
  },
  {
    "numeroCheque": "824",
    "banco": "237",
    "agencia": "629",
    "contaCorrente": "1070",
    "valor": 2500,
    "dataEmissao": "2024-08-12",
    "remetente": "GLEDSON CARVALHO DOS REIS",
    "dataCompensacao": "2024-10-16",
    "id": "1726431949086"
  },
  {
    "numeroCheque": "28",
    "banco": "237",
    "agencia": "2430",
    "contaCorrente": "12594",
    "valor": 17700,
    "dataEmissao": "2024-09-06",
    "remetente": "VERTISEC COM EXP E REPRES COMERCIAL LTDA",
    "dataCompensacao": "2024-09-23",
    "id": "1726432005524"
  },
  {
    "numeroCheque": "823",
    "banco": "237",
    "agencia": "629",
    "contaCorrente": "1070",
    "valor": 3000,
    "dataEmissao": "2024-08-12",
    "remetente": "GLEDSON CARVALHO DOS REIS",
    "dataCompensacao": "2024-09-16",
    "id": "1726432058649",
    "anotacoes": "",
    "compensado": true,
    "dataHoraCompensacao": "2024-09-17T16:43:28.599Z"
  },
  {
    "numeroCheque": "27",
    "banco": "237",
    "agencia": "2430",
    "contaCorrente": "12594-6",
    "valor": 17700,
    "dataEmissao": "2024-09-06",
    "remetente": "VERTISEC COM EXP E REPRES COMERCIAL LTDA",
    "dataCompensacao": "2024-10-07",
    "id": "1726432269394"
  },
  {
    "numeroCheque": "3757",
    "banco": "756",
    "agencia": "3041",
    "contaCorrente": "18180-3",
    "valor": 12000,
    "dataEmissao": "2024-11-07",
    "remetente": "MARIA CARREIRA MENDES - ME",
    "dataCompensacao": "2024-11-07",
    "id": "1726432355065"
  },
  {
    "numeroCheque": "3772",
    "banco": "756",
    "agencia": "3041",
    "contaCorrente": "18180-3",
    "valor": 12000,
    "dataEmissao": "2024-10-11",
    "remetente": "MARIA CARREIRA MENDES - ME",
    "dataCompensacao": "2024-10-11",
    "id": "1726432375227"
  },
  {
    "numeroCheque": "3771",
    "banco": "756",
    "agencia": "3041",
    "contaCorrente": "18180-3",
    "valor": 12000,
    "dataEmissao": "2024-10-03",
    "remetente": "MARIA CARREIRA MENDES - ME",
    "dataCompensacao": "2024-10-03",
    "id": "1726432392057"
  },
  {
    "numeroCheque": "3770",
    "banco": "756",
    "agencia": "3041",
    "contaCorrente": "18180-3",
    "valor": 12000,
    "dataEmissao": "2024-09-26",
    "remetente": "MARIA CARREIRA MENDES - ME",
    "dataCompensacao": "2024-09-26",
    "id": "1726432407128"
  },
  {
    "numeroCheque": "3756",
    "banco": "756",
    "agencia": "3041",
    "contaCorrente": "18180-3",
    "valor": 12000,
    "dataEmissao": "2024-10-28",
    "remetente": "MARIA CARREIRA MENDES - ME",
    "dataCompensacao": "2024-10-28",
    "id": "1726432418711"
  },
  {
    "numeroCheque": "3775",
    "banco": "756",
    "agencia": "3041",
    "contaCorrente": "18180-3",
    "valor": 12000,
    "dataEmissao": "2024-11-30",
    "remetente": "MARIA CARREIRA MENDES - ME",
    "dataCompensacao": "2024-11-30",
    "id": "1726432433743"
  },
  {
    "numeroCheque": "3778",
    "banco": "756",
    "agencia": "3041",
    "contaCorrente": "18180-3",
    "valor": 12000,
    "dataEmissao": "2024-10-13",
    "remetente": "MARIA CARREIRA MENDES - ME",
    "dataCompensacao": "2024-10-13",
    "id": "1726432454396"
  },
  {
    "numeroCheque": "3773",
    "banco": "756",
    "agencia": "3041",
    "contaCorrente": "18180-3",
    "valor": 12000,
    "dataEmissao": "2024-10-30",
    "remetente": "MARIA CARREIRA MENDES - ME",
    "dataCompensacao": "2024-10-30",
    "id": "1726432464743"
  },
  {
    "numeroCheque": "3774",
    "banco": "756",
    "agencia": "3041",
    "contaCorrente": "18180-3",
    "valor": 12000,
    "dataEmissao": "2024-11-13",
    "remetente": "MARIA CARREIRA MENDES - ME",
    "dataCompensacao": "2024-11-13",
    "id": "1726432475580"
  },
  {
    "numeroCheque": "3777",
    "banco": "756",
    "agencia": "3041",
    "contaCorrente": "18180-3",
    "valor": 12000,
    "dataEmissao": "2024-10-06",
    "remetente": "MARIA CARREIRA MENDES - ME",
    "dataCompensacao": "2024-10-06",
    "id": "1726432486709"
  },
  {
    "numeroCheque": "3776",
    "banco": "756",
    "agencia": "3041",
    "contaCorrente": "18180-3",
    "valor": 10000,
    "dataEmissao": "2024-09-28",
    "remetente": "MARIA CARREIRA MENDES - ME",
    "dataCompensacao": "2024-09-28",
    "id": "1726432502835"
  },
  {
    "numeroCheque": "3755",
    "banco": "756",
    "agencia": "3041",
    "contaCorrente": "18180-3",
    "valor": 12000,
    "dataEmissao": "2024-10-13",
    "remetente": "MARIA CARREIRA MENDES - ME",
    "dataCompensacao": "2024-10-13",
    "id": "1726432747349"
  }
]